{
  "mse_x": 0.18067796860666577,
  "mse_y": 0.08802625044180779,
  "mse_all": 0.13435210952423676,
  "maxae_x": 1.586301357940659,
  "maxae_y": 0.8607941777934146,
  "train_seconds": 695.9572875499725
}