{
  "mse_x": 0.0010777818094451217,
  "mse_y": 0.0003389619049285788,
  "mse_all": 0.0007083718571868502,
  "maxae_x": 0.15745494332976873,
  "maxae_y": 0.08043361672154054,
  "train_seconds": 697.4505014419556
}