{
  "mse_x": 0.001035436151069126,
  "mse_y": 0.00032533106837900595,
  "mse_all": 0.000680383609724066,
  "maxae_x": 0.15470788446136052,
  "maxae_y": 0.07888037928333863,
  "train_seconds": 1056.5456192493439
}