{
  "mse_x": 0.0009988000451239664,
  "mse_y": 0.000313678240506405,
  "mse_all": 0.0006562391428151857,
  "maxae_x": 0.1520287152833515,
  "maxae_y": 0.07749743231526002,
  "train_seconds": 752.282897233963
}