{
  "mse_x": 0.0010929650338590668,
  "mse_y": 0.0003436880794409156,
  "mse_all": 0.0007183265566499912,
  "maxae_x": 0.158477341801601,
  "maxae_y": 0.0811145401834546,
  "train_seconds": 627.639814376831
}