{
  "mse_x": 0.0010401742757463052,
  "mse_y": 0.0003266623392570613,
  "mse_all": 0.0006834183075016833,
  "maxae_x": 0.15511283841796453,
  "maxae_y": 0.0791115260957776,
  "train_seconds": 813.0450451374054
}