{
  "mse_x": 0.0011093516957274196,
  "mse_y": 0.0003473015375218759,
  "mse_all": 0.0007283266166246479,
  "maxae_x": 0.1601580139703327,
  "maxae_y": 0.0810079670785962,
  "train_seconds": 551.5735876560211
}