{
  "mse_x": 0.07124955283829408,
  "mse_y": 0.03669178873640429,
  "mse_all": 0.05397067078734918,
  "maxae_x": 1.0058376847416504,
  "maxae_y": 0.6584449340173977,
  "train_seconds": 604.5286178588867
}