{
  "mse_x": 0.11643918262411945,
  "mse_y": 0.075880914372742,
  "mse_all": 0.09616004849843073,
  "maxae_x": 0.9363942314169622,
  "maxae_y": 0.6673670340845363,
  "train_seconds": 683.9888560771942
}