{
  "mse_x": 0.0009784028259437036,
  "mse_y": 0.0003070746925572698,
  "mse_all": 0.0006427387592504867,
  "maxae_x": 0.15065554347701604,
  "maxae_y": 0.07670868405094727,
  "train_seconds": 868.7472114562988
}