{
  "mse_x": 0.0008969855721239185,
  "mse_y": 0.00028189884417665923,
  "mse_all": 0.0005894422081502888,
  "maxae_x": 0.14443484512038762,
  "maxae_y": 0.07344729670277222,
  "train_seconds": 574.2921748161316
}