{
  "mse_x": 0.07295959853765516,
  "mse_y": 0.03729367673390602,
  "mse_all": 0.05512663763578059,
  "maxae_x": 1.0278990327030761,
  "maxae_y": 0.658318087882735,
  "train_seconds": 583.8726468086243
}