{
  "mse_x": 0.0010320147583441318,
  "mse_y": 0.0003237143858458854,
  "mse_all": 0.0006778645720950085,
  "maxae_x": 0.15455225673385198,
  "maxae_y": 0.07872433432331666,
  "train_seconds": 715.854630947113
}