{
  "mse_x": 0.11817650781307325,
  "mse_y": 0.07588554289416181,
  "mse_all": 0.09703102535361753,
  "maxae_x": 0.936371998884461,
  "maxae_y": 0.6674625430772083,
  "train_seconds": 555.3436260223389
}