{
  "mse_x": 0.07728036352210149,
  "mse_y": 0.03958524463096713,
  "mse_all": 0.05843280407653432,
  "maxae_x": 1.0941996632725342,
  "maxae_y": 0.6577601511547344,
  "train_seconds": 651.9558892250061
}