{
  "mse_x": 0.0953909184816548,
  "mse_y": 0.06164682415788464,
  "mse_all": 0.07851887131976971,
  "maxae_x": 0.9251612225437132,
  "maxae_y": 0.6628767148728113,
  "train_seconds": 820.4189450740814
}